cpuPoolId,cpuCapacity,freeCpu,memCapacity,freeMem,gkAttr,QlAttr
cpu-pool:[o/=0;rs=0;By=4;wN=2;P8=0;w2=1;9e=2;nZ=2;w5=0],16.0,3.64E-4,15.5625,0.060797,,1
cpu-pool:[o/=0;rs=0;By=4;wN=2;P8=0;w2=1;9e=2;nZ=2;w5=0],16.0,1.26E-5,12.3125,0.053877,,1
cpu-pool:[o/=0;rs=0;By=4;wN=2;P8=0;w2=1;9e=2;nZ=2;w5=0],16.0,2.373E-4,10.9375,0.006083,,1
cpu-pool:[o/=0;rs=0;By=4;wN=2;P8=0;w2=1;9e=2;nZ=2;w5=0],16.0,5.8E-4,12.375,0.027701,,1
cpu-pool:[o/=0;rs=0;By=4;wN=2;P8=0;w2=1;9e=2;nZ=2;w5=0],16.0,7.29E-5,13.25,0.015539,,1
cpu-pool:[o/=0;rs=0;By=4;wN=2;P8=0;w2=1;9e=2;nZ=2;w5=0],16.0,3.13E-5,12.25,0.009626,,1
cpu-pool:[o/=0;rs=0;By=4;wN=2;P8=0;w2=1;9e=2;nZ=2;w5=0],16.0,4.88E-4,12.4375,0.043256,,1
cpu-pool:[o/=0;rs=0;By=4;wN=2;P8=0;w2=1;9e=2;nZ=2;w5=0],16.0,4.75E-4,14.875,0.039934,,1
cpu-pool:[o/=0;rs=0;By=4;wN=2;P8=0;w2=1;9e=2;nZ=2;w5=0],16.0,2.399E-4,13.125,0.032572,,1
cpu-pool:[o/=0;rs=0;By=4;wN=2;P8=0;w2=1;9e=2;nZ=2;w5=0],16.0,5.805E-4,10.5625,0.007274,,1
cpu-pool:[o/=0;rs=0;By=4;wN=2;P8=0;w2=1;9e=2;nZ=2;w5=0],16.0,1.656E-4,12.125,0.041231,,1
cpu-pool:[o/=0;rs=0;By=4;wN=2;P8=0;w2=1;9e=2;nZ=2;w5=0],16.0,4.839E-4,13.25,0.012145,,1
cpu-pool:[o/=0;rs=0;By=4;wN=2;P8=0;w2=1;9e=2;nZ=2;w5=0],16.0,9.27E-5,11.6875,0.0397258,,1
cpu-pool:[o/=0;rs=0;By=4;wN=2;P8=0;w2=1;9e=2;nZ=2;w5=0],16.0,1.686E-4,11.375,0.023216,,1
cpu-pool:[o/=0;rs=0;By=4;wN=2;P8=0;w2=1;9e=2;nZ=2;w5=0],16.0,3.94E-4,13.8125,0.012213,,1
cpu-pool:[o/=0;rs=0;By=4;wN=2;P8=0;w2=1;9e=2;nZ=2;w5=0],16.0,1.556E-4,11.3125,0.019963,,1
cpu-pool:[o/=0;rs=0;By=4;wN=2;P8=0;w2=1;9e=2;nZ=2;w5=0],16.0,5.622E-4,13.75,0.0383528,,1
cpu-pool:[o/=0;rs=0;By=4;wN=2;P8=0;w2=1;9e=2;nZ=2;w5=0],16.0,3.851E-4,14.5,0.046222,,1
cpu-pool:[o/=0;rs=0;By=4;wN=2;P8=0;w2=1;9e=2;nZ=2;w5=0],16.0,2.806E-4,11.75,0.004591,,1
cpu-pool:[o/=0;rs=0;By=4;wN=2;P8=0;w2=1;9e=2;nZ=2;w5=0],16.0,2.036E-4,13.4375,0.001589,,1
cpu-pool:[o/=0;rs=0;By=4;wN=2;P8=0;w2=1;9e=2;nZ=2;w5=0],16.0,2.261E-4,11.75,0.0584052,,1
cpu-pool:[o/=0;rs=0;By=4;wN=2;P8=0;w2=1;9e=2;nZ=2;w5=0],16.0,5.068E-4,14.1875,0.014848,,1
cpu-pool:[o/=0;rs=0;By=4;wN=2;P8=0;w2=1;9e=2;nZ=2;w5=0],15.5,4.34E-4,12.375,0.024832,,1
cpu-pool:[o/=0;rs=0;By=4;wN=2;P8=0;w2=1;9e=2;nZ=2;w5=0],16.0,1.552E-4,15.375,0.0553538,,1
cpu-pool:[o/=0;rs=0;By=4;wN=2;P8=0;w2=1;9e=2;nZ=2;w5=0],16.0,5.38E-4,11.5,0.01916,,1
cpu-pool:[o/=0;rs=0;By=4;wN=2;P8=0;w2=1;9e=2;nZ=2;w5=0],16.0,3.71E-4,14.9375,0.019346,,1
cpu-pool:[o/=0;rs=0;By=4;wN=2;P8=0;w2=1;9e=2;nZ=2;w5=0],16.0,2.728E-4,14.8125,0.010197,,1
cpu-pool:[o/=0;rs=0;By=4;wN=2;P8=0;w2=1;9e=2;nZ=2;w5=0],16.0,4.97E-4,12.875,0.030393,,1
cpu-pool:[o/=0;rs=0;By=4;wN=2;P8=0;w2=1;9e=2;nZ=2;w5=0],16.0,5.303E-4,12.875,0.059603,,1
cpu-pool:[o/=0;rs=0;By=4;wN=2;P8=0;w2=1;9e=2;nZ=2;w5=0],16.0,3.792E-4,12.1875,0.024289,,1
cpu-pool:[o/=0;rs=0;By=4;wN=2;P8=0;w2=1;9e=2;nZ=2;w5=0],16.0,1.3E-4,14.25,0.0021833,,1
cpu-pool:[o/=0;rs=0;By=4;wN=2;P8=0;w2=1;9e=2;nZ=2;w5=0],16.0,1.503E-4,13.3125,0.014787,,1
cpu-pool:[o/=0;rs=0;By=4;wN=2;P8=0;w2=1;9e=2;nZ=2;w5=0],16.0,4.532E-4,15.5625,0.053826,,1
cpu-pool:[o/=0;rs=0;By=4;wN=2;P8=0;w2=1;9e=2;nZ=2;w5=0],16.0,5.918E-4,13.9375,0.002092,,1
cpu-pool:[o/=0;rs=0;By=4;wN=2;P8=0;w2=1;9e=2;nZ=2;w5=0],16.0,9.19E-5,13.9375,0.051817,,1
cpu-pool:[o/=0;rs=0;By=4;wN=2;P8=0;w2=1;9e=2;nZ=2;w5=0],16.0,4.013E-4,14.9375,0.003024,,1
cpu-pool:[o/=0;rs=0;By=4;wN=2;P8=0;w2=1;9e=2;nZ=2;w5=0],16.0,4.461E-4,11.6875,0.054371,,1
cpu-pool:[o/=0;rs=0;By=4;wN=2;P8=0;w2=1;9e=2;nZ=2;w5=0],16.0,4.026E-4,14.5,0.061395,,1
cpu-pool:[o/=0;rs=0;By=4;wN=2;P8=0;w2=1;9e=2;nZ=2;w5=0],16.0,3.02E-5,11.375,0.005347,,1
cpu-pool:[o/=0;rs=0;By=4;wN=2;P8=0;w2=1;9e=2;nZ=2;w5=0],16.0,4.464E-4,11.8125,0.0019042,,1
cpu-pool:[o/=0;rs=0;By=4;wN=2;P8=0;w2=1;9e=2;nZ=2;w5=0],16.0,7.1E-6,13.375,0.009373,,1
cpu-pool:[o/=0;rs=0;By=4;wN=2;P8=0;w2=1;9e=2;nZ=2;w5=0],16.0,5.12E-4,11.75,7.59E-4,,1
cpu-pool:[o/=0;rs=0;By=4;wN=2;P8=0;w2=1;9e=2;nZ=2;w5=0],16.0,2.557E-4,13.625,0.032457,,1
cpu-pool:[o/=0;rs=0;By=4;wN=2;P8=0;w2=1;9e=2;nZ=2;w5=0],16.0,5.506E-4,11.125,0.028448,,1
cpu-pool:[o/=0;rs=0;By=4;wN=2;P8=0;w2=1;9e=2;nZ=2;w5=0],15.5,2.753E-4,13.9375,0.028026,,1
cpu-pool:[o/=0;rs=0;By=4;wN=2;P8=0;w2=1;9e=2;nZ=2;w5=0],16.0,1.128E-4,11.875,0.057363,,1
cpu-pool:[o/=0;rs=0;By=4;wN=2;P8=0;w2=1;9e=2;nZ=2;w5=0],16.0,1.806E-4,12.75,0.00381,,1
cpu-pool:[o/=0;rs=0;By=4;wN=2;P8=0;w2=1;9e=2;nZ=2;w5=0],16.0,2.513E-4,14.125,0.048725,,1
cpu-pool:[o/=0;rs=0;By=4;wN=2;P8=0;w2=1;9e=2;nZ=2;w5=0],14.75,0.0364595,16.0,5.2E-5,,1
cpu-pool:[o/=0;rs=0;By=4;wN=2;P8=0;w2=1;9e=2;nZ=2;w5=0],16.0,1.566E-4,12.1875,4.1E-5,,1
cpu-pool:[o/=0;rs=0;By=4;wN=2;P8=0;w2=1;9e=2;nZ=2;w5=0],16.0,4.536E-4,14.8125,0.0384612,,1
cpu-pool:[o/=0;rs=0;By=4;wN=2;P8=0;w2=1;9e=2;nZ=2;w5=0],16.0,4.308E-4,12.25,0.05577,,1
cpu-pool:[o/=0;rs=0;By=4;wN=2;P8=0;w2=1;9e=2;nZ=2;w5=0],16.0,6.226E-4,13.0,0.06166,,1
cpu-pool:[o/=0;rs=0;By=4;wN=2;P8=0;w2=1;9e=2;nZ=2;w5=0],12.75,4.293E-4,9.1875,0.015584,,1
cpu-pool:[o/=0;rs=0;By=4;wN=2;P8=0;w2=1;9e=2;nZ=2;w5=0],16.0,1.863E-4,12.25,0.009487,,1
cpu-pool:[o/=0;rs=0;By=4;wN=2;P8=0;w2=1;9e=2;nZ=2;w5=0],16.0,3.792E-4,13.3125,0.0361126,,1
cpu-pool:[o/=0;rs=0;By=4;wN=2;P8=0;w2=1;9e=2;nZ=2;w5=0],16.0,4.487E-4,12.75,0.013884,,1
cpu-pool:[o/=0;rs=0;By=4;wN=2;P8=0;w2=1;9e=2;nZ=2;w5=0],16.0,0.0,13.75,0.0528523,,1
cpu-pool:[o/=0;rs=0;By=4;wN=2;P8=0;w2=1;9e=2;nZ=2;w5=0],16.0,3.163E-4,11.375,0.0594648,,1
cpu-pool:[o/=0;rs=0;By=4;wN=2;P8=0;w2=1;9e=2;nZ=2;w5=0],16.0,1.65E-4,10.75,0.022312,,1
cpu-pool:[o/=0;rs=0;By=4;wN=2;P8=0;w2=1;9e=2;nZ=2;w5=0],16.0,4.12E-4,13.9375,0.0090773,,1
cpu-pool:[o/=0;rs=0;By=4;wN=2;P8=0;w2=1;9e=2;nZ=2;w5=0],16.0,3.25E-5,14.5,0.0116248,,1
cpu-pool:[o/=0;rs=0;By=4;wN=2;P8=0;w2=1;9e=2;nZ=2;w5=0],16.0,6.182E-4,12.25,0.047536,,1
cpu-pool:[o/=0;rs=0;By=4;wN=2;P8=0;w2=1;9e=2;nZ=2;w5=0],16.0,3.46E-5,11.8125,0.057246,,1
cpu-pool:[o/=0;rs=0;By=4;wN=2;P8=0;w2=1;9e=2;nZ=2;w5=0],16.0,3.247E-4,13.4375,0.001004,,1
cpu-pool:[o/=0;rs=0;By=4;wN=2;P8=0;w2=1;9e=2;nZ=2;w5=0],16.0,2.33E-5,14.3125,0.014183,,1
cpu-pool:[o/=0;rs=0;By=4;wN=2;P8=0;w2=1;9e=2;nZ=2;w5=0],16.0,1.786E-4,11.375,0.057284,,1
cpu-pool:[o/=0;rs=0;By=4;wN=2;P8=0;w2=1;9e=2;nZ=2;w5=0],16.0,4.74E-5,13.4375,0.032599,,1
cpu-pool:[o/=0;rs=0;By=4;wN=2;P8=0;w2=1;9e=2;nZ=2;w5=0],16.0,4.195E-4,11.8125,0.003469,,1
cpu-pool:[o/=0;rs=0;By=4;wN=2;P8=0;w2=1;9e=2;nZ=2;w5=0],16.0,4.81E-4,13.5625,0.016287,,1
cpu-pool:[o/=0;rs=0;By=4;wN=2;P8=0;w2=1;9e=2;nZ=2;w5=0],16.0,2.345E-4,12.375,0.052315,,1
cpu-pool:[o/=0;rs=0;By=4;wN=2;P8=0;w2=1;9e=2;nZ=2;w5=0],16.0,3.293E-4,12.75,7.18E-4,,1
cpu-pool:[o/=0;rs=0;By=4;P8=1;w2=1;9e=2;nZ=2;w5=0],16.0,5.593E-4,11.5625,0.005123,,1
cpu-pool:[o/=0;rs=0;By=4;P8=1;w2=1;9e=2;nZ=2;w5=0],16.0,1.846E-4,13.1875,0.014524,,1
cpu-pool:[o/=0;rs=0;By=4;P8=1;w2=1;9e=2;nZ=2;w5=0],16.0,4.31E-4,13.0,0.009086,,1
cpu-pool:[o/=0;rs=0;By=4;P8=1;w2=1;9e=2;nZ=2;w5=0],16.0,3.759E-4,11.75,0.054121,,1
cpu-pool:[o/=0;rs=0;By=4;P8=1;w2=1;9e=2;nZ=2;w5=0],16.0,3.53E-4,11.0625,0.004985,,1
cpu-pool:[o/=0;rs=0;By=4;P8=1;w2=1;9e=2;nZ=2;w5=0],16.0,2.803E-4,12.25,0.060924,,1
cpu-pool:[o/=0;rs=0;By=4;P8=1;w2=1;9e=2;nZ=2;w5=0],16.0,8.03E-5,14.25,0.037297,,1
cpu-pool:[o/=0;rs=0;By=4;P8=1;w2=1;9e=2;nZ=2;w5=0],15.75,2.152E-4,14.0625,0.050489,,1
cpu-pool:[o/=0;rs=0;By=4;P8=1;w2=1;9e=2;nZ=2;w5=0],16.0,3.576E-4,11.125,0.060414,,1
cpu-pool:[o/=0;rs=0;By=4;P8=1;w2=1;9e=2;nZ=2;w5=0],16.0,6.136E-4,13.5625,0.0290285,,1
cpu-pool:[o/=0;rs=0;By=4;P8=1;w2=1;9e=2;nZ=2;w5=0],15.25,2.05E-4,13.1875,0.042534,,1
cpu-pool:[o/=0;rs=0;By=4;P8=1;w2=1;9e=2;nZ=2;w5=0],15.5,0.182239,16.0,3.43E-5,,1
cpu-pool:[o/=0;rs=0;By=4;P8=1;w2=1;9e=2;nZ=2;w5=0],16.0,1.973E-4,15.5625,2.423E-4,,1
cpu-pool:[o/=0;rs=0;By=4;P8=1;w2=1;9e=2;nZ=2;w5=0],16.0,7.93E-5,13.0,0.00425,,1
cpu-pool:[o/=0;rs=0;By=4;P8=1;w2=1;9e=2;nZ=2;w5=0],16.0,4.098E-4,12.6875,0.059607,,1
cpu-pool:[o/=0;rs=0;By=4;P8=1;w2=1;9e=2;nZ=2;w5=0],16.0,1.14E-4,13.5,0.0262858,,1
cpu-pool:[o/=0;rs=0;By=4;P8=1;w2=1;9e=2;nZ=2;w5=0],16.0,4.176E-4,12.3125,0.060816,,1
cpu-pool:[o/=0;rs=0;By=4;P8=1;w2=1;9e=2;nZ=2;w5=0],14.5,0.0984733,16.0,1.16E-5,,1
cpu-pool:[o/=0;rs=0;By=4;P8=1;w2=1;9e=2;nZ=2;w5=0],16.0,3.246E-4,13.6875,0.017284,,1
cpu-pool:[o/=0;rs=0;By=4;P8=1;w2=1;9e=2;nZ=2;w5=0],16.0,5.079E-4,13.5625,0.018208,,1
cpu-pool:[o/=0;rs=0;By=4;P8=1;w2=1;9e=2;nZ=2;w5=0],16.0,5.793E-4,13.125,0.059748,,1
cpu-pool:[o/=0;rs=0;By=4;P8=1;w2=1;9e=2;nZ=2;w5=0],16.0,5.406E-4,14.25,0.015071,,1
cpu-pool:[o/=0;rs=0;By=4;P8=1;w2=1;9e=2;nZ=2;w5=0],16.0,3.852E-4,12.375,0.001808,,1
cpu-pool:[o/=0;rs=0;By=4;P8=1;w2=1;9e=2;nZ=2;w5=0],16.0,1.236E-4,12.8125,0.0614921,,1
cpu-pool:[o/=0;rs=0;By=4;P8=1;w2=1;9e=2;nZ=2;w5=0],16.0,4.646E-4,14.6875,0.02614974,,1
cpu-pool:[o/=0;rs=0;By=4;P8=1;w2=1;9e=2;nZ=2;w5=0],14.5,2.929E-4,13.75,0.007793,,1
cpu-pool:[o/=0;rs=0;By=4;P8=1;w2=1;9e=2;nZ=2;w5=0],16.0,2.81E-4,12.375,0.021232,,1
cpu-pool:[o/=0;rs=0;By=4;P8=1;w2=1;9e=2;nZ=2;w5=0],16.0,5.939E-4,12.75,0.019997,,1
cpu-pool:[o/=0;rs=0;By=4;P8=1;w2=1;9e=2;nZ=2;w5=0],15.5,3.639E-4,10.3125,0.0039524,,1
cpu-pool:[o/=0;rs=0;By=4;P8=1;w2=1;9e=2;nZ=2;w5=0],16.0,4.302E-4,13.875,0.003344,,1
cpu-pool:[o/=0;rs=0;By=4;P8=1;w2=1;9e=2;nZ=2;w5=0],16.0,4.806E-4,11.25,0.058503,,1
cpu-pool:[o/=0;rs=0;By=4;P8=1;w2=1;9e=2;nZ=2;w5=0],16.0,1.439E-4,10.3125,0.0188216,,1
cpu-pool:[o/=0;rs=0;By=4;P8=1;w2=1;9e=2;nZ=2;w5=0],16.0,8.79E-5,10.25,0.060884,,1
cpu-pool:[o/=0;rs=0;By=4;P8=1;w2=1;9e=2;nZ=2;w5=0],16.0,6.92E-5,12.375,0.061346,,1
cpu-pool:[o/=0;rs=0;By=4;P8=1;w2=1;9e=2;nZ=2;w5=0],16.0,4.126E-4,15.125,0.001,,1
cpu-pool:[o/=0;rs=0;By=4;P8=1;w2=1;9e=2;nZ=2;w5=0],16.0,5.452E-4,10.5,0.0608568,,1
cpu-pool:[o/=0;rs=0;By=4;P8=1;w2=1;9e=2;nZ=2;w5=0],16.0,5.29E-4,13.1875,0.034306,,1
cpu-pool:[o/=0;rs=0;By=4;P8=1;w2=1;9e=2;nZ=2;w5=0],15.5,4.212E-4,14.1875,0.001828,,1
cpu-pool:[o/=0;rs=0;By=4;P8=1;w2=1;9e=2;nZ=2;w5=0],16.0,5.333E-4,15.75,0.037087,,1
cpu-pool:[o/=0;rs=0;By=4;P8=1;w2=1;9e=2;nZ=2;w5=0],15.25,4.593E-4,13.5,0.061419,,1
cpu-pool:[o/=0;rs=0;By=4;P8=1;w2=1;9e=2;nZ=2;w5=0],16.0,1.142E-4,13.5,0.014941,,1
cpu-pool:[o/=0;rs=0;By=4;P8=1;w2=1;9e=2;nZ=2;w5=0],16.0,6.133E-4,14.0625,0.020329,,1
cpu-pool:[o/=0;rs=0;By=4;P8=1;w2=1;9e=2;nZ=2;w5=0],16.0,3.631E-4,12.0625,0.0521043,,1
cpu-pool:[o/=0;rs=0;By=4;P8=1;w2=1;9e=2;nZ=2;w5=0],16.0,3.455E-4,12.625,0.017112,,1
cpu-pool:[o/=0;rs=0;By=4;P8=1;w2=1;9e=2;nZ=2;w5=0],16.0,2.919E-4,13.9375,0.051272,,1
cpu-pool:[o/=0;rs=0;By=4;P8=1;w2=1;9e=2;nZ=2;w5=0],15.75,2.153E-4,13.8125,0.059492,,1
cpu-pool:[o/=0;rs=0;By=4;wN=2;P8=0;w2=1;9e=2;nZ=2;w5=1],16.0,3.6E-6,12.6875,0.04788,,1
cpu-pool:[o/=0;rs=0;By=4;wN=2;P8=0;w2=1;9e=2;nZ=2;w5=1],16.0,4.906E-4,14.0,0.024848,,1
cpu-pool:[o/=0;rs=0;By=4;wN=2;P8=0;w2=1;9e=2;nZ=2;w5=1],16.0,1.969E-4,15.5,0.018394,,1
cpu-pool:[o/=0;rs=0;By=4;wN=2;P8=0;w2=1;9e=2;nZ=2;w5=1],16.0,1.863E-4,11.875,0.002254,,1
cpu-pool:[o/=0;rs=0;By=4;wN=2;P8=0;w2=1;9e=2;nZ=2;w5=1],16.0,5.763E-4,11.5625,0.003641,,1
cpu-pool:[o/=0;rs=0;By=4;wN=2;P8=0;w2=1;9e=2;nZ=2;w5=1],15.5,5.969E-4,13.75,2.8E-5,,1
cpu-pool:[o/=0;rs=0;By=4;wN=2;P8=0;w2=1;9e=2;nZ=2;w5=1],16.0,4.944E-4,12.5,0.051434,,1
cpu-pool:[o/=0;rs=0;By=4;wN=2;P8=0;w2=1;9e=2;nZ=2;w5=1],16.0,1.487E-4,12.875,0.0144788,,1
cpu-pool:[o/=0;rs=0;By=4;wN=2;P8=0;w2=1;9e=2;nZ=2;w5=1],16.0,5.793E-4,12.9375,0.003772,,1
cpu-pool:[o/=0;rs=0;By=4;wN=2;P8=0;w2=1;9e=2;nZ=2;w5=1],16.0,2.517E-4,13.9375,0.014807,,1
cpu-pool:[o/=0;rs=0;By=4;wN=2;P8=0;w2=1;9e=2;nZ=2;w5=1],16.0,6.11E-4,11.3125,0.0242988,,1
cpu-pool:[o/=0;rs=0;By=4;wN=2;P8=0;w2=1;9e=2;nZ=2;w5=1],16.0,6.153E-4,12.4375,0.016656,,1
cpu-pool:[o/=0;rs=0;By=4;wN=2;P8=0;w2=1;9e=2;nZ=2;w5=1],16.0,2.786E-4,9.625,0.027322,,1
cpu-pool:[o/=0;rs=0;By=4;wN=2;P8=0;w2=1;9e=2;nZ=2;w5=1],16.0,2.366E-4,15.6875,0.015147,,1
cpu-pool:[o/=0;rs=0;By=4;wN=2;P8=0;w2=1;9e=2;nZ=2;w5=1],16.0,1.73E-4,12.0625,0.017524,,1
cpu-pool:[o/=0;rs=0;By=4;wN=2;P8=0;w2=1;9e=2;nZ=2;w5=1],16.0,1.489E-4,14.0625,0.058332,,1
cpu-pool:[o/=0;rs=0;By=4;wN=2;P8=0;w2=1;9e=2;nZ=2;w5=1],16.0,8.06E-5,14.0,0.007589,,1
cpu-pool:[o/=0;rs=0;By=4;wN=2;P8=0;w2=1;9e=2;nZ=2;w5=1],15.25,0.0337793,16.0,4.86E-5,,1
cpu-pool:[o/=0;rs=0;By=4;wN=2;P8=0;w2=1;9e=2;nZ=2;w5=1],16.0,1.37E-4,14.875,0.043072,,1
cpu-pool:[o/=0;rs=0;By=4;wN=2;P8=0;w2=1;9e=2;nZ=2;w5=1],16.0,6.66E-5,13.1875,0.0497294,,1
cpu-pool:[o/=0;rs=0;By=4;wN=2;P8=0;w2=1;9e=2;nZ=2;w5=1],16.0,4.843E-4,11.0625,0.048946,,1
cpu-pool:[o/=0;rs=0;By=4;wN=2;P8=0;w2=1;9e=2;nZ=2;w5=1],16.0,2.802E-4,13.875,0.0616342,,1
cpu-pool:[o/=0;rs=0;By=4;wN=2;P8=0;w2=1;9e=2;nZ=2;w5=1],16.0,5.249E-4,13.6875,0.023683,,1
cpu-pool:[o/=0;rs=0;By=4;wN=2;P8=0;w2=1;9e=2;nZ=2;w5=1],16.0,4.963E-4,13.5,0.0131832,,1
cpu-pool:[o/=0;rs=0;By=4;wN=2;P8=0;w2=1;9e=2;nZ=2;w5=1],16.0,2.213E-4,11.4375,0.034951,,1
cpu-pool:[o/=0;rs=0;By=4;wN=2;P8=0;w2=1;9e=2;nZ=2;w5=1],16.0,1.06E-4,13.0625,0.0103273,,1
cpu-pool:[o/=0;rs=0;By=4;wN=2;P8=0;w2=1;9e=2;nZ=2;w5=1],16.0,9.92E-5,14.9375,0.048549,,1
cpu-pool:[o/=0;rs=0;By=4;wN=2;P8=0;w2=1;9e=2;nZ=2;w5=1],16.0,4.401E-4,11.4375,0.024168,,1
cpu-pool:[o/=0;rs=0;By=4;wN=2;P8=0;w2=1;9e=2;nZ=2;w5=1],16.0,1.86E-4,13.625,0.0019483,,1
cpu-pool:[o/=0;rs=0;By=4;wN=2;P8=0;w2=1;9e=2;nZ=2;w5=1],16.0,5.7E-4,10.0,0.023702,,1
cpu-pool:[o/=0;rs=0;By=4;wN=2;P8=0;w2=1;9e=2;nZ=2;w5=1],16.0,5.429E-4,12.625,0.055376,,1
cpu-pool:[o/=0;rs=0;By=4;wN=2;P8=0;w2=1;9e=2;nZ=2;w5=1],16.0,0.0021875,16.0,6.286E-4,,1
cpu-pool:[o/=0;rs=0;By=4;wN=2;P8=0;w2=1;9e=2;nZ=2;w5=1],16.0,1.11E-5,14.75,0.058263,,1
cpu-pool:[o/=0;rs=0;By=4;wN=2;P8=0;w2=1;9e=2;nZ=2;w5=1],16.0,5.431E-4,13.875,0.038921,,1
cpu-pool:[o/=0;rs=0;By=4;wN=2;P8=0;w2=1;9e=2;nZ=2;w5=1],16.0,5.964E-4,11.25,0.004391,,1
cpu-pool:[o/=0;rs=0;By=4;wN=2;P8=0;w2=1;9e=2;nZ=2;w5=1],16.0,4.94E-4,12.75,5.2E-4,,1
cpu-pool:[o/=0;rs=0;By=4;wN=2;P8=0;w2=1;9e=2;nZ=2;w5=1],16.0,3.45E-4,12.0,0.008208,,1
cpu-pool:[o/=0;rs=0;By=4;wN=2;P8=0;w2=1;9e=2;nZ=2;w5=1],16.0,6.213E-4,12.0625,4.62E-4,,1
cpu-pool:[o/=0;rs=0;By=4;wN=2;P8=0;w2=1;9e=2;nZ=2;w5=1],16.0,6.43E-5,12.875,0.017002,,1
cpu-pool:[o/=0;rs=0;By=4;wN=2;P8=0;w2=1;9e=2;nZ=2;w5=1],16.0,2.04E-4,13.125,0.0503773,,1
cpu-pool:[o/=0;rs=0;By=4;wN=2;P8=0;w2=1;9e=2;nZ=2;w5=1],16.0,1.773E-4,13.1875,0.027579,,1
cpu-pool:[o/=0;rs=0;By=4;wN=2;P8=0;w2=1;9e=2;nZ=2;w5=1],16.0,5.872E-4,9.8125,0.002146,,1
cpu-pool:[o/=0;rs=0;By=4;wN=2;P8=0;w2=1;9e=2;nZ=2;w5=1],16.0,5.502E-4,13.25,0.004255,,1
cpu-pool:[o/=0;rs=0;By=4;wN=2;P8=0;w2=1;9e=2;nZ=2;w5=1],16.0,5.553E-4,12.875,0.059566,,1
cpu-pool:[o/=0;rs=0;By=4;wN=2;P8=0;w2=1;9e=2;nZ=2;w5=1],16.0,4.679E-4,14.625,0.012135,,1
cpu-pool:[o/=0;rs=0;By=4;wN=2;P8=0;w2=1;9e=2;nZ=2;w5=1],16.0,3.263E-4,13.5625,0.0054941,,1
cpu-pool:[o/=0;rs=0;By=4;wN=2;P8=0;w2=1;9e=2;nZ=2;w5=1],16.0,5.759E-4,14.1875,0.0527513,,1
cpu-pool:[o/=0;rs=0;By=4;wN=2;P8=0;w2=1;9e=2;nZ=2;w5=1],16.0,3.942E-4,15.125,0.046988,,1
cpu-pool:[o/=0;rs=0;By=4;wN=2;P8=0;w2=1;9e=2;nZ=2;w5=1],16.0,2.926E-4,11.1875,0.026968,,1
cpu-pool:[o/=0;rs=0;By=4;wN=2;P8=0;w2=1;9e=2;nZ=2;w5=1],16.0,2.68E-4,14.6875,0.040986,,1
cpu-pool:[o/=0;rs=0;By=4;wN=2;P8=0;w2=1;9e=2;nZ=2;w5=1],16.0,2.888E-4,15.5625,0.0295994,,1
cpu-pool:[o/=0;rs=0;By=4;wN=2;P8=0;w2=1;9e=2;nZ=2;w5=1],16.0,2.62E-5,10.75,0.0475415,,1
cpu-pool:[o/=0;rs=0;By=4;wN=2;P8=0;w2=1;9e=2;nZ=2;w5=1],16.0,1.95E-4,14.375,0.015232,,1
cpu-pool:[o/=0;rs=0;By=4;wN=2;P8=0;w2=1;9e=2;nZ=2;w5=1],16.0,1.52E-5,13.75,0.001657,,1
cpu-pool:[o/=0;rs=0;By=4;wN=2;P8=0;w2=1;9e=2;nZ=2;w5=1],16.0,4.22E-4,14.3125,0.055379,,1
cpu-pool:[o/=0;rs=0;By=4;wN=2;P8=0;w2=1;9e=2;nZ=2;w5=1],16.0,5.38E-4,11.875,0.003241,,1
cpu-pool:[o/=0;rs=0;By=4;wN=2;P8=0;w2=1;9e=2;nZ=2;w5=1],15.0,3.852E-4,12.125,0.0226258,,1
cpu-pool:[o/=0;rs=0;By=4;wN=2;P8=0;w2=1;9e=2;nZ=2;w5=1],16.0,1.919E-4,14.0625,7.1E-5,,1
cpu-pool:[o/=0;rs=0;By=4;wN=2;P8=0;w2=1;9e=2;nZ=2;w5=1],16.0,3.093E-4,12.125,0.061258,,1
cpu-pool:[o/=0;rs=0;By=4;wN=2;P8=0;w2=1;9e=2;nZ=2;w5=1],16.0,1.213E-4,13.5,0.003781,,1
cpu-pool:[o/=0;rs=0;By=4;wN=2;P8=0;w2=1;9e=2;nZ=2;w5=1],16.0,1.559E-4,11.875,0.0244228,,1
cpu-pool:[o/=0;rs=0;By=4;wN=2;P8=0;w2=1;9e=2;nZ=2;w5=1],16.0,2.992E-4,14.375,0.012432,,1
cpu-pool:[o/=0;rs=0;By=4;wN=2;P8=0;w2=1;9e=2;nZ=2;w5=1],16.0,5.093E-4,14.4375,0.001325,,1
cpu-pool:[o/=0;rs=0;By=4;wN=2;P8=0;w2=1;9e=2;nZ=2;w5=1],16.0,2.426E-4,10.5625,0.0136893,,1
cpu-pool:[o/=0;rs=0;By=4;wN=2;P8=0;w2=1;9e=2;nZ=2;w5=1],16.0,2.286E-4,14.75,0.0075066,,1
cpu-pool:[o/=0;rs=0;By=4;wN=2;P8=0;w2=1;9e=2;nZ=2;w5=1],16.0,5.273E-4,13.375,0.051978,,1
cpu-pool:[o/=0;rs=0;By=4;wN=2;P8=0;w2=1;9e=2;nZ=2;w5=1],16.0,1.376E-4,13.875,0.019208,,1
cpu-pool:[o/=0;rs=0;By=4;wN=2;P8=0;w2=1;9e=2;nZ=2;w5=1],16.0,5.846E-4,13.375,0.0070998,,1
cpu-pool:[o/=0;rs=0;By=4;wN=2;P8=0;w2=1;9e=2;nZ=2;w5=1],16.0,1.51E-4,10.5625,0.045177,,1
cpu-pool:[o/=0;rs=0;By=4;wN=2;P8=0;w2=1;9e=2;nZ=2;w5=1],16.0,4.479E-4,13.625,0.037084,,1
cpu-pool:[o/=0;rs=0;By=4;wN=2;P8=0;w2=1;9e=2;nZ=2;w5=1],16.0,1.913E-4,13.375,0.024201,,1
cpu-pool:[o/=0;rs=0;By=4;wN=2;P8=0;w2=1;9e=2;nZ=2;w5=1],16.0,1.269E-4,12.8125,6.96E-4,,1
cpu-pool:[o/=0;rs=0;By=4;wN=2;P8=0;w2=1;9e=2;nZ=2;w5=1],16.0,3.83E-5,12.0625,0.016487,,1
cpu-pool:[o/=0;rs=0;By=4;wN=2;P8=0;w2=1;9e=2;nZ=2;w5=1],16.0,3.32E-4,15.9375,0.042206,,1
cpu-pool:[o/=0;rs=0;By=4;wN=2;P8=0;w2=1;9e=2;nZ=2;w5=1],16.0,4.042E-4,12.3125,0.004621,,1
cpu-pool:[o/=0;rs=0;By=4;wN=2;P8=0;w2=1;9e=2;nZ=2;w5=1],16.0,2.026E-4,12.375,0.0225533,,1
cpu-pool:[o/=0;rs=0;By=4;wN=2;P8=0;w2=1;9e=2;nZ=2;w5=1],16.0,4.206E-4,13.0625,0.022384,,1
cpu-pool:[o/=0;rs=0;By=4;wN=2;P8=0;w2=1;9e=2;nZ=2;w5=1],15.75,4.695E-4,15.4375,0.0251144,,1
cpu-pool:[o/=0;rs=0;By=4;wN=2;P8=0;w2=1;9e=2;nZ=2;w5=1],16.0,1.7E-4,13.0625,0.043735,,1
cpu-pool:[o/=0;rs=0;By=4;wN=2;P8=0;w2=1;9e=2;nZ=2;w5=1],16.0,5.836E-4,12.6875,0.0159228,,1
cpu-pool:[o/=0;rs=0;By=4;wN=2;P8=0;w2=1;9e=2;nZ=2;w5=1],16.0,2.296E-4,10.4375,0.014231,,1
cpu-pool:[o/=0;rs=0;By=4;wN=2;P8=0;w2=1;9e=2;nZ=2;w5=1],16.0,4.6E-6,14.0625,0.024832,,1
cpu-pool:[o/=0;rs=0;By=4;wN=2;P8=0;w2=1;9e=2;nZ=2;w5=1],16.0,3.7E-4,10.4375,0.015918,,1
cpu-pool:[o/=0;rs=0;By=4;wN=2;P8=0;w2=1;9e=2;nZ=2;w5=1],16.0,9.76E-5,11.4375,9.17E-4,,1
cpu-pool:[o/=0;rs=0;By=4;wN=2;P8=0;w2=1;9e=2;nZ=2;w5=1],16.0,2.879E-4,13.3125,0.006146,,1
cpu-pool:[o/=0;rs=0;By=4;wN=2;P8=0;w2=1;9e=2;nZ=2;w5=1],16.0,4.982E-4,13.0625,0.056249,,1
cpu-pool:[o/=0;rs=0;By=4;wN=2;P8=0;w2=1;9e=2;nZ=2;w5=1],16.0,2.86E-4,13.8125,0.017431,,1
cpu-pool:[o/=0;rs=0;By=4;wN=2;P8=0;w2=1;9e=2;nZ=2;w5=1],16.0,4.412E-4,10.375,0.013397,,1
cpu-pool:[o/=0;rs=0;By=4;wN=2;P8=0;w2=1;9e=2;nZ=2;w5=1],16.0,5.893E-4,15.1875,0.017699,,1
cpu-pool:[o/=0;rs=0;By=4;wN=2;P8=0;w2=1;9e=2;nZ=2;w5=1],16.0,1.993E-4,14.625,0.014204,,1
cpu-pool:[o/=0;rs=0;By=4;wN=2;P8=0;w2=1;9e=2;nZ=2;w5=1],16.0,5.006E-4,13.75,0.005616,,1
cpu-pool:[o/=0;rs=0;By=4;wN=2;P8=0;w2=1;9e=2;nZ=2;w5=1],16.0,5.6E-4,11.75,0.054543,,1
cpu-pool:[o/=0;rs=0;By=4;wN=2;P8=0;w2=1;9e=2;nZ=2;w5=1],16.0,7.23E-5,11.6875,0.0058203,,1
cpu-pool:[o/=0;rs=0;By=4;wN=2;P8=0;w2=1;9e=2;nZ=2;w5=1],16.0,6.73E-5,12.8125,0.018688,,1
cpu-pool:[o/=0;rs=0;By=4;wN=2;P8=0;w2=1;9e=2;nZ=2;w5=1],16.0,2.893E-4,13.3125,0.015016,,1
cpu-pool:[o/=0;rs=0;By=4;wN=2;P8=0;w2=1;9e=2;nZ=2;w5=1],16.0,2.266E-4,12.8125,0.004706,,1
cpu-pool:[o/=0;rs=0;By=4;wN=2;P8=0;w2=1;9e=2;nZ=2;w5=1],16.0,3.808E-4,12.625,0.0566693,,1
cpu-pool:[o/=0;rs=0;By=4;wN=2;P8=0;w2=1;9e=2;nZ=2;w5=1],16.0,6.24E-4,11.9375,0.01861,,1
cpu-pool:[o/=0;rs=0;By=4;wN=2;P8=0;w2=1;9e=2;nZ=2;w5=1],16.0,9.06E-5,11.75,0.026299,,1
cpu-pool:[o/=0;rs=0;By=4;wN=2;P8=0;w2=1;9e=2;nZ=2;w5=1],16.0,2.63E-5,14.75,0.0084526,,1
cpu-pool:[o/=0;rs=0;By=4;wN=2;P8=0;w2=1;9e=2;nZ=2;w5=1],16.0,1.1E-5,14.0625,0.037071,,1
cpu-pool:[o/=0;rs=0;By=4;wN=2;P8=0;w2=1;9e=2;nZ=2;w5=1],16.0,8.5E-5,11.625,0.021003,,1
cpu-pool:[o/=0;rs=0;By=4;wN=2;P8=0;w2=1;9e=2;nZ=2;w5=1],16.0,5.493E-4,14.5,0.0048258,,1
cpu-pool:[o/=0;rs=0;By=4;wN=2;P8=0;w2=1;9e=2;nZ=2;w5=1],16.0,3.29E-5,12.5625,0.055845,,1
cpu-pool:[o/=0;rs=0;By=4;wN=2;P8=0;w2=1;9e=2;nZ=2;w5=1],16.0,8.01E-5,15.4375,0.053169,,1
cpu-pool:[o/=0;rs=0;By=4;wN=2;P8=0;w2=1;9e=2;nZ=2;w5=1],16.0,3.304E-4,12.4375,0.0320978,,1
cpu-pool:[o/=0;rs=0;By=4;wN=2;P8=0;w2=1;9e=2;nZ=2;w5=1],16.0,4.683E-4,13.0,0.062122,,1
cpu-pool:[o/=0;rs=0;By=4;wN=2;P8=0;w2=1;9e=2;nZ=2;w5=1],16.0,1.673E-4,12.375,0.024079,,1
cpu-pool:[o/=0;rs=0;By=4;wN=2;P8=0;w2=1;9e=2;nZ=2;w5=1],16.0,1.126E-4,13.0,0.0124783,,1
cpu-pool:[o/=0;rs=0;By=4;wN=2;P8=0;w2=1;9e=2;nZ=2;w5=1],16.0,2.582E-4,13.125,0.020588,,1
cpu-pool:[o/=0;rs=0;By=4;wN=2;P8=0;w2=1;9e=2;nZ=2;w5=1],16.0,2.382E-4,15.3125,0.0271095,,1
cpu-pool:[o/=0;rs=0;By=4;wN=2;P8=0;w2=1;9e=2;nZ=2;w5=1],16.0,4.283E-4,12.5625,0.009072,,1
cpu-pool:[o/=0;rs=0;By=4;wN=2;P8=0;w2=1;9e=2;nZ=2;w5=1],16.0,1.795E-4,14.4375,0.0167448,,1
cpu-pool:[o/=0;rs=0;By=4;wN=2;P8=0;w2=1;9e=2;nZ=2;w5=1],16.0,3.91E-4,14.3125,0.044064,,1
cpu-pool:[o/=0;rs=0;By=4;wN=2;P8=0;w2=1;9e=2;nZ=2;w5=1],16.0,4.156E-4,12.6875,0.0578481,,1
cpu-pool:[o/=0;rs=0;By=4;wN=2;P8=0;w2=1;9e=2;nZ=2;w5=1],16.0,1.12E-4,12.4375,0.04331,,1
cpu-pool:[o/=0;rs=0;By=4;wN=2;P8=0;w2=1;9e=2;nZ=2;w5=1],15.25,0.070048,16.0,9.18E-5,,1
cpu-pool:[o/=0;rs=0;By=4;wN=2;P8=0;w2=1;9e=2;nZ=2;w5=1],16.0,3.752E-4,12.625,0.050441,,1
cpu-pool:[o/=0;rs=0;By=4;wN=2;P8=0;w2=1;9e=2;nZ=2;w5=1],16.0,1.31E-4,12.25,0.024489,,1
cpu-pool:[o/=0;rs=0;By=4;wN=2;P8=0;w2=1;9e=2;nZ=2;w5=1],16.0,0.097404,16.0,8.994E-5,,1
cpu-pool:[o/=0;rs=0;By=4;wN=2;P8=0;w2=1;9e=2;nZ=2;w5=1],16.0,9.33E-5,12.25,0.021375,,1
cpu-pool:[o/=0;rs=0;By=4;wN=2;P8=0;w2=1;9e=2;nZ=2;w5=1],16.0,2.003E-4,11.875,0.015336,,1
cpu-pool:[o/=0;rs=0;By=4;wN=2;P8=0;w2=1;9e=2;nZ=2;w5=1],16.0,4.633E-4,14.6875,0.04742,,1
cpu-pool:[o/=0;rs=0;By=4;wN=2;P8=0;w2=1;9e=2;nZ=2;w5=1],16.0,4.03E-5,13.6875,0.030823,,1
cpu-pool:[o/=0;rs=0;By=4;wN=2;P8=0;w2=1;9e=2;nZ=2;w5=1],16.0,6.55E-5,11.1875,0.010886,,1
cpu-pool:[o/=0;rs=0;By=4;wN=2;P8=0;w2=1;9e=2;nZ=2;w5=1],16.0,6.099E-4,13.375,0.013725,,1
cpu-pool:[o/=0;rs=0;By=4;wN=2;P8=0;w2=1;9e=2;nZ=2;w5=1],15.75,1.603E-4,12.4375,0.022425,,1
cpu-pool:[o/=0;rs=0;By=4;wN=2;P8=0;w2=1;9e=2;nZ=2;w5=1],16.0,5.565E-4,13.625,0.030042,,1
cpu-pool:[o/=0;rs=0;By=4;wN=2;P8=0;w2=1;9e=2;nZ=2;w5=1],16.0,4.16E-4,12.8125,0.005482,,1
cpu-pool:[o/=0;rs=0;By=4;wN=2;P8=0;w2=1;9e=2;nZ=2;w5=1],16.0,1.942E-4,13.75,0.034137,,1
cpu-pool:[o/=0;rs=0;By=4;wN=2;P8=0;w2=1;9e=2;nZ=2;w5=1],16.0,7.03E-5,12.125,0.023083,,1
cpu-pool:[o/=0;rs=0;By=4;wN=2;P8=0;w2=1;9e=2;nZ=2;w5=1],16.0,3.38E-5,12.6875,0.012047,,1
cpu-pool:[o/=0;rs=0;By=4;wN=2;P8=0;w2=1;9e=2;nZ=2;w5=1],16.0,4.9E-5,13.875,0.013309,,1
cpu-pool:[o/=0;rs=0;By=4;wN=2;P8=0;w2=1;9e=2;nZ=2;w5=1],16.0,4.376E-4,15.4375,0.004592,,1
cpu-pool:[o/=0;rs=0;By=4;wN=2;P8=0;w2=1;9e=2;nZ=2;w5=1],16.0,6.009E-4,13.1875,0.035786,,1
cpu-pool:[o/=0;rs=0;By=4;wN=2;P8=0;w2=1;9e=2;nZ=2;w5=1],16.0,4.519E-4,14.5,0.021183,,1
cpu-pool:[o/=0;rs=0;By=4;wN=2;P8=0;w2=1;9e=2;nZ=2;w5=1],16.0,5.035E-4,13.0,0.0460988,,1
cpu-pool:[o/=0;rs=0;By=4;wN=2;P8=0;w2=1;9e=2;nZ=2;w5=1],16.0,4.459E-4,10.6875,0.007475,,1
cpu-pool:[o/=0;rs=0;By=4;wN=2;P8=0;w2=1;9e=2;nZ=2;w5=1],16.0,4.959E-4,10.375,2.3E-4,,1
cpu-pool:[o/=0;rs=0;By=4;wN=2;P8=0;w2=1;9e=2;nZ=2;w5=1],16.0,1.457E-4,14.4375,0.0442578,,1
cpu-pool:[o/=0;rs=0;By=4;wN=2;P8=0;w2=1;9e=2;nZ=2;w5=1],16.0,4.26E-5,8.875,0.048676,,1
cpu-pool:[o/=0;rs=0;By=4;wN=2;P8=0;w2=1;9e=2;nZ=2;w5=1],16.0,5.13E-5,14.6875,0.0393308,,1
cpu-pool:[o/=0;rs=0;By=4;wN=2;P8=0;w2=1;9e=2;nZ=2;w5=1],16.0,2.783E-4,12.8125,0.0498128,,1
cpu-pool:[o/=0;rs=0;By=4;wN=2;P8=0;w2=1;9e=2;nZ=2;w5=1],16.0,4.366E-4,14.0,0.0168708,,1
cpu-pool:[o/=0;rs=0;By=4;wN=2;P8=0;w2=1;9e=2;nZ=2;w5=1],16.0,3.062E-4,15.75,0.0012553,,1
cpu-pool:[o/=0;rs=0;By=4;wN=2;P8=0;w2=1;9e=2;nZ=2;w5=1],16.0,3.675E-4,11.0625,0.056894,,1
cpu-pool:[o/=0;rs=0;By=4;wN=2;P8=0;w2=1;9e=2;nZ=2;w5=1],16.0,8.45E-5,13.25,0.0230488,,1
cpu-pool:[o/=0;rs=0;By=4;wN=2;P8=0;w2=1;9e=2;nZ=2;w5=1],16.0,3.526E-4,13.125,0.030494,,1
cpu-pool:[o/=0;rs=0;By=4;wN=2;P8=0;w2=1;9e=2;nZ=2;w5=1],16.0,5.87E-4,14.375,0.003745,,1
cpu-pool:[o/=0;rs=0;By=4;wN=2;P8=0;w2=1;9e=2;nZ=2;w5=1],16.0,1.2E-5,14.0625,0.023523,,1
cpu-pool:[o/=0;rs=0;By=4;wN=2;P8=0;w2=1;9e=2;nZ=2;w5=1],16.0,3.75E-5,15.25,0.016886,,1
cpu-pool:[o/=0;rs=0;By=4;wN=2;P8=0;w2=1;9e=2;nZ=2;w5=1],16.0,8.19E-5,11.75,0.041817,,1
cpu-pool:[o/=0;rs=0;By=4;wN=2;P8=0;w2=1;9e=2;nZ=2;w5=1],16.0,1.472E-4,11.0,0.054561,,1
cpu-pool:[o/=0;rs=0;By=4;wN=2;P8=0;w2=1;9e=2;nZ=2;w5=1],16.0,5.245E-4,15.9375,0.032036,,1
cpu-pool:[o/=0;rs=0;By=4;wN=2;P8=0;w2=1;9e=2;nZ=2;w5=1],16.0,1.612E-4,13.9375,0.0561158,,1
cpu-pool:[o/=0;rs=0;By=4;wN=2;P8=0;w2=1;9e=2;nZ=2;w5=1],16.0,1.866E-4,9.375,0.021558,,1
cpu-pool:[o/=1;rs=0;By=4;P8=0;w2=1;9e=2;nZ=2;w5=1],12.25,7.0E-5,9.0,0.006274,,1
cpu-pool:[o/=1;rs=0;By=4;P8=0;w2=1;9e=2;nZ=2;w5=1],9.0,3.153E-4,7.0625,0.017528,,1
cpu-pool:[o/=1;rs=0;By=4;P8=0;w2=1;9e=2;nZ=2;w5=1],11.25,2.01E-4,5.8125,0.011411,,1
cpu-pool:[o/=0;rs=0;By=4;P8=1;w2=1;9e=2;nZ=2;w5=1],16.0,1.813E-4,14.375,0.019338,,1
cpu-pool:[o/=0;rs=0;By=4;P8=1;w2=1;9e=2;nZ=2;w5=1],16.0,7.62E-5,12.5,0.005662,,1
cpu-pool:[o/=0;rs=0;By=4;P8=1;w2=1;9e=2;nZ=2;w5=1],16.0,3.929E-4,13.9375,0.0275332,,1
cpu-pool:[o/=0;rs=0;By=4;P8=1;w2=1;9e=2;nZ=2;w5=1],16.0,3.091E-4,11.8125,0.0359035,,1
cpu-pool:[o/=0;rs=0;By=4;P8=1;w2=1;9e=2;nZ=2;w5=1],16.0,2.793E-4,14.875,0.006483,,1
cpu-pool:[o/=0;rs=0;By=4;P8=1;w2=1;9e=2;nZ=2;w5=1],16.0,2.039E-4,12.25,0.018746,,1
cpu-pool:[o/=0;rs=0;By=4;P8=1;w2=1;9e=2;nZ=2;w5=1],16.0,6.39E-5,12.625,0.003181,,1
cpu-pool:[o/=0;rs=0;By=4;P8=1;w2=1;9e=2;nZ=2;w5=1],16.0,4.3E-4,14.625,0.0548836,,1
cpu-pool:[o/=0;rs=0;By=4;P8=1;w2=1;9e=2;nZ=2;w5=1],16.0,1.86E-4,12.125,0.0288352,,1
cpu-pool:[o/=0;rs=0;By=4;P8=1;w2=1;9e=2;nZ=2;w5=1],16.0,3.525E-4,10.9375,0.043565,,1
cpu-pool:[o/=0;rs=0;By=4;P8=1;w2=1;9e=2;nZ=2;w5=1],16.0,6.219E-4,12.0,0.0083303,,1
cpu-pool:[o/=0;rs=0;By=4;P8=1;w2=1;9e=2;nZ=2;w5=1],16.0,4.442E-4,10.9375,0.048635,,1
cpu-pool:[o/=0;rs=0;By=4;P8=1;w2=1;9e=2;nZ=2;w5=1],16.0,3.169E-4,13.125,0.018117,,1
cpu-pool:[o/=0;rs=0;By=4;P8=1;w2=1;9e=2;nZ=2;w5=1],16.0,4.385E-4,14.9375,0.05646,,1
cpu-pool:[o/=0;rs=0;By=4;P8=1;w2=1;9e=2;nZ=2;w5=1],16.0,3.746E-4,13.5625,0.057107,,1
cpu-pool:[o/=0;rs=0;By=4;P8=1;w2=1;9e=2;nZ=2;w5=1],14.75,3.774E-4,13.0625,0.051681,,1
cpu-pool:[o/=0;rs=0;By=4;P8=1;w2=1;9e=2;nZ=2;w5=1],16.0,8.9E-5,12.9375,0.006734,,1
cpu-pool:[o/=0;rs=0;By=4;P8=1;w2=1;9e=2;nZ=2;w5=1],16.0,5.933E-4,13.3125,1.148E-4,,1
cpu-pool:[o/=0;rs=0;By=4;P8=1;w2=1;9e=2;nZ=2;w5=1],16.0,4.12E-4,14.625,0.002718,,1
cpu-pool:[o/=0;rs=0;By=4;P8=1;w2=1;9e=2;nZ=2;w5=1],16.0,5.48E-4,12.375,0.027341,,1
cpu-pool:[o/=0;rs=0;By=4;P8=1;w2=1;9e=2;nZ=2;w5=1],16.0,2.377E-4,12.625,0.039421,,1
cpu-pool:[o/=0;rs=0;By=4;P8=1;w2=1;9e=2;nZ=2;w5=1],14.5,2.909E-4,12.75,0.0209388,,1
cpu-pool:[o/=0;rs=0;By=4;P8=1;w2=1;9e=2;nZ=2;w5=1],16.0,1.566E-4,14.1875,0.059459,,1
cpu-pool:[o/=0;rs=0;By=4;P8=1;w2=1;9e=2;nZ=2;w5=1],16.0,2.757E-4,11.25,0.02019,,1
cpu-pool:[o/=0;rs=0;By=4;P8=1;w2=1;9e=2;nZ=2;w5=1],16.0,4.99E-5,15.5625,0.005189,,1
cpu-pool:[o/=0;rs=0;By=4;P8=1;w2=1;9e=2;nZ=2;w5=1],15.5,0.063537,16.0,8.4E-6,,1
cpu-pool:[o/=0;rs=0;By=4;P8=1;w2=1;9e=2;nZ=2;w5=1],14.5,0.0019919,16.0,5.959E-4,,1
cpu-pool:[o/=0;rs=0;By=4;P8=1;w2=1;9e=2;nZ=2;w5=1],16.0,6.183E-4,12.375,0.009906,,1
cpu-pool:[o/=0;rs=0;By=4;P8=1;w2=1;9e=2;nZ=2;w5=1],16.0,2.902E-4,12.1875,0.0035165,,1
cpu-pool:[o/=0;rs=0;By=4;P8=1;w2=1;9e=2;nZ=2;w5=1],16.0,4.772E-4,13.1875,0.054946,,1
cpu-pool:[o/=0;rs=0;By=4;P8=1;w2=1;9e=2;nZ=2;w5=1],16.0,1.146E-4,13.375,0.0541918,,1
cpu-pool:[o/=0;rs=0;By=4;P8=1;w2=1;9e=2;nZ=2;w5=1],15.25,5.75E-4,11.0625,0.0483751,,1
cpu-pool:[o/=0;rs=0;By=4;P8=1;w2=1;9e=2;nZ=2;w5=1],16.0,3.923E-4,12.375,0.008398,,1
cpu-pool:[o/=0;rs=0;By=4;P8=1;w2=1;9e=2;nZ=2;w5=1],16.0,5.113E-4,11.75,0.012198,,1
cpu-pool:[o/=0;rs=0;By=4;P8=1;w2=1;9e=2;nZ=2;w5=1],16.0,2.546E-4,12.8125,0.003283,,1
cpu-pool:[o/=0;rs=0;By=4;P8=1;w2=1;9e=2;nZ=2;w5=1],16.0,2.352E-4,12.875,0.038599,,1
cpu-pool:[o/=0;rs=0;By=4;P8=1;w2=1;9e=2;nZ=2;w5=1],16.0,1.679E-4,11.625,0.013315,,1
cpu-pool:[o/=0;rs=0;By=4;P8=1;w2=1;9e=2;nZ=2;w5=1],16.0,5.52E-4,12.25,0.004438,,1
cpu-pool:[o/=0;rs=0;By=4;P8=1;w2=1;9e=2;nZ=2;w5=1],16.0,1.193E-4,14.375,0.046602,,1
cpu-pool:[o/=0;rs=0;By=4;P8=1;w2=1;9e=2;nZ=2;w5=1],16.0,1.081E-4,12.1875,0.026165,,1
cpu-pool:[o/=0;rs=0;By=4;P8=1;w2=1;9e=2;nZ=2;w5=1],16.0,2.226E-4,14.1875,0.0581813,,1
cpu-pool:[o/=0;rs=0;By=4;P8=1;w2=1;9e=2;nZ=2;w5=1],16.0,9.9E-5,9.1875,0.060883,,1
cpu-pool:[o/=0;rs=0;By=4;P8=1;w2=1;9e=2;nZ=2;w5=1],16.0,2.016E-4,12.9375,0.041579,,1
cpu-pool:[o/=0;rs=0;By=4;P8=1;w2=1;9e=2;nZ=2;w5=1],16.0,1.619E-4,13.3125,0.059107,,1
cpu-pool:[o/=0;rs=0;By=4;P8=1;w2=1;9e=2;nZ=2;w5=1],16.0,3.942E-4,12.5625,0.0551813,,1
cpu-pool:[o/=0;rs=0;By=4;P8=1;w2=1;9e=2;nZ=2;w5=1],16.0,1.5E-4,13.125,0.059115,,1
cpu-pool:[o/=0;rs=0;By=4;P8=1;w2=1;9e=2;nZ=2;w5=1],16.0,1.716E-4,12.0625,0.034119,,1
cpu-pool:[o/=0;rs=0;By=4;P8=1;w2=1;9e=2;nZ=2;w5=1],16.0,9.69E-5,15.375,0.061184,,1
cpu-pool:[o/=0;rs=0;By=4;P8=1;w2=1;9e=2;nZ=2;w5=1],16.0,6.09E-5,9.3125,0.059014,,1
cpu-pool:[o/=0;rs=0;By=4;P8=1;w2=1;9e=2;nZ=2;w5=1],16.0,3.54E-4,14.0,0.024813,,1
cpu-pool:[o/=0;rs=0;By=4;P8=1;w2=1;9e=2;nZ=2;w5=1],16.0,4.656E-4,15.3125,0.058503,,1
cpu-pool:[o/=0;rs=0;By=4;P8=1;w2=1;9e=2;nZ=2;w5=1],16.0,3.15E-4,11.75,0.0600883,,1
cpu-pool:[o/=0;rs=0;By=4;P8=1;w2=1;9e=2;nZ=2;w5=1],16.0,1.34E-4,11.1875,0.015921,,1
cpu-pool:[o/=0;rs=0;By=4;P8=1;w2=1;9e=2;nZ=2;w5=1],16.0,5.325E-4,11.9375,0.005473,,1
cpu-pool:[o/=0;rs=0;By=4;P8=1;w2=1;9e=2;nZ=2;w5=1],16.0,5.463E-4,13.6875,0.018903,,1
cpu-pool:[o/=0;rs=0;By=4;P8=1;w2=1;9e=2;nZ=2;w5=1],16.0,2.963E-4,11.625,0.015095,,1
cpu-pool:[o/=0;rs=0;By=4;P8=1;w2=1;9e=2;nZ=2;w5=1],16.0,0.0,13.5625,0.008816,,1
cpu-pool:[o/=0;rs=0;By=4;P8=1;w2=1;9e=2;nZ=2;w5=1],16.0,2.013E-4,11.5,0.0101352,,1
cpu-pool:[o/=0;rs=0;By=4;P8=1;w2=1;9e=2;nZ=2;w5=1],16.0,3.132E-4,15.375,0.059963,,1
cpu-pool:[o/=0;rs=0;By=4;P8=1;w2=1;9e=2;nZ=2;w5=1],15.5,4.638E-4,11.5625,0.0603273,,1
cpu-pool:[o/=0;rs=0;By=4;P8=1;w2=1;9e=2;nZ=2;w5=1],16.0,6.006E-4,12.0,0.011312,,1
cpu-pool:[o/=0;rs=0;By=4;P8=1;w2=1;9e=2;nZ=2;w5=1],16.0,5.626E-4,14.0,0.02043,,1
cpu-pool:[o/=0;rs=0;By=4;P8=1;w2=1;9e=2;nZ=2;w5=1],16.0,8.2E-5,15.375,0.013992,,1
cpu-pool:[o/=0;rs=0;By=4;P8=1;w2=1;9e=2;nZ=2;w5=1],16.0,3.39E-5,14.75,0.0279806,,1
cpu-pool:[o/=0;rs=0;By=4;P8=1;w2=1;9e=2;nZ=2;w5=1],15.5,3.059E-4,13.0,0.053953,,1
cpu-pool:[o/=0;rs=0;By=4;P8=1;w2=1;9e=2;nZ=2;w5=1],16.0,0.078677,16.0,1.402E-4,,1
cpu-pool:[o/=0;rs=0;By=4;P8=1;w2=1;9e=2;nZ=2;w5=1],16.0,4.273E-4,15.4375,0.0039122,,1
cpu-pool:[o/=0;rs=0;By=4;P8=1;w2=1;9e=2;nZ=2;w5=1],16.0,9.8E-5,15.1875,0.0266326,,1
cpu-pool:[o/=0;rs=0;By=4;P8=1;w2=1;9e=2;nZ=2;w5=1],16.0,9.26E-5,14.6875,0.060512,,1
cpu-pool:[o/=0;rs=0;By=4;P8=1;w2=1;9e=2;nZ=2;w5=1],16.0,1.195E-4,11.875,0.00916,,1
cpu-pool:[o/=0;rs=0;By=4;P8=1;w2=1;9e=2;nZ=2;w5=1],16.0,3.366E-4,14.0,0.0156688,,1
cpu-pool:[o/=0;rs=0;By=4;P8=1;w2=1;9e=2;nZ=2;w5=1],16.0,1.638E-4,14.3125,0.060718,,1
cpu-pool:[o/=0;rs=0;By=4;P8=1;w2=1;9e=2;nZ=2;w5=1],16.0,4.586E-4,12.125,0.0165812,,1
cpu-pool:[o/=0;rs=0;By=4;P8=1;w2=1;9e=2;nZ=2;w5=1],16.0,3.899E-4,13.4375,0.052069,,1
cpu-pool:[o/=0;rs=0;By=4;P8=1;w2=1;9e=2;nZ=2;w5=1],16.0,3.652E-4,11.625,0.06229,,1
cpu-pool:[o/=0;rs=0;By=4;P8=1;w2=1;9e=2;nZ=2;w5=1],16.0,2.91E-4,10.25,0.059748,,1
cpu-pool:[o/=0;rs=0;By=4;P8=1;w2=1;9e=2;nZ=2;w5=1],16.0,4.269E-4,11.3125,0.043263,,1
cpu-pool:[o/=0;rs=0;By=4;P8=1;w2=1;9e=2;nZ=2;w5=1],16.0,4.886E-4,14.5625,0.0557328,,1
cpu-pool:[o/=0;rs=0;By=4;P8=1;w2=1;9e=2;nZ=2;w5=1],16.0,4.646E-4,15.0625,0.029524,,1
cpu-pool:[o/=0;rs=0;By=4;P8=1;w2=1;9e=2;nZ=2;w5=1],16.0,3.839E-4,13.8125,0.013937,,1
cpu-pool:[o/=0;rs=1;By=4;P8=1;w2=1;9e=2;nZ=2;w5=1],8.5,1.91E-4,4.6875,0.012078,,1
cpu-pool:[o/=0;rs=1;By=4;wN=2;P8=0;w2=1;9e=2;nZ=2;w5=1],12.5,3.759E-4,8.5625,0.029802,,1
cpu-pool:[o/=0;St=1;rs=0;By=4;P8=1;w2=1;9e=2;nZ=2;w5=1],1.0,1.3E-5,0.4375,0.0260072,,1
cpu-pool:[o/=0;rs=0;By=4;P8=0;w2=1;9e=2;nZ=2;w5=1],7.0,5.843E-4,4.375,0.010502,,1
cpu-pool:[o/=0;St=1;rs=0;By=4;wN=2;P8=0;w2=1;9e=2;nZ=2;w5=1],3.5,4.71E-4,1.0625,0.01626,,1
cpu-pool:[o/=0;rs=0;By=4;P8=0;w2=1;9e=2;nZ=2;w5=0],16.0,1.673E-4,11.25,0.015261,,1
cpu-pool:[o/=0;rs=0;By=4;P8=0;w2=1;9e=2;nZ=2;w5=0],16.0,6.8E-6,12.875,0.05727,,1
cpu-pool:[o/=0;rs=0;By=4;P8=0;w2=1;9e=2;nZ=2;w5=0],12.0,5.35E-4,9.375,0.009119,,1
cpu-pool:[o/=1;rs=0;By=4;P8=0;w2=1;9e=2;nZ=2;w5=0],9.5,3.903E-4,6.625,0.01618,,1
cpu-pool:[o/=1;rs=0;By=4;P8=0;w2=1;9e=2;nZ=2;w5=0],12.5,4.3E-4,10.125,0.01364,,1
cpu-pool:[o/=0;St=1;rs=0;By=4;P8=0;w2=1;9e=2;nZ=2;w5=1],0.5,0.0,0.1875,0.01155,,1
cpu-pool:[o/=0;St=1;rs=0;By=4;wN=2;P8=0;w2=1;9e=2;nZ=2;w5=0],1.5,5.0E-5,0.6875,0.05032,,1
cpu-pool:[o/=0;rs=0;By=4;wN=2;P8=0;w2=0;9e=2;nZ=2;w5=0],1.5,0.0,0.625,0.03628,,1
cpu-pool:[o/=0;St=1;rs=0;By=4;P8=0;w2=1;9e=2;nZ=2;w5=0],0.5,0.0,0.1875,0.01155,,1
cpu-pool:[o/=0;rs=0;By=4;P8=1;w2=0;9e=2;nZ=2;w5=0],2.0,0.0,0.9375,0.04108,,1
cpu-pool:[o/=1;rs=0;By=4;P8=0;w2=0;9e=2;nZ=2;w5=0],0.5,0.0,0.1875,0.00838,,1
cpu-pool:[o/=0;St=1;rs=0;By=4;P8=1;w2=1;9e=2;nZ=2;w5=0],0.5,0.0,0.1875,0.00838,,1
cpu-pool:[o/=0;rs=0;By=4;P8=0;w2=0;9e=2;nZ=2;w5=0],1.0,0.0,0.4375,0.05358,,1
cpu-pool:[o/=0;rs=0;By=3;wN=2;P8=0;w2=1;9e=3;nZ=1;w5=0],13.25,5.159E-4,10.375,0.023422,,1
cpu-pool:[o/=0;rs=0;By=3;wN=2;P8=0;w2=1;9e=3;nZ=1;w5=0],10.0,4.76E-4,8.3125,0.004201,,1
cpu-pool:[o/=0;rs=0;By=3;P8=1;w2=1;9e=3;nZ=1;w5=0],5.0,5.7E-4,3.1875,0.02768,,1
cpu-pool:[o/=1;rs=0;By=3;P8=0;w2=1;9e=3;nZ=1;w5=0],2.0,0.0,0.8125,0.03981,,1
cpu-pool:[o/=0;St=1;rs=0;By=3;P8=0;w2=1;9e=3;nZ=1;w5=0],0.25,0.0,0.125,0.03544,,1
cpu-pool:[o/=0;rs=0;By=1;P8=1;w2=1;9e=2;nZ=2;w5=1],0.5,0.0,0.1875,0.00838,,1
cpu-pool:[o/=0;rs=0;By=3;P8=0;w2=1;9e=3;nZ=1;w5=0],0.25,0.0,0.125,0.03544,,1
cpu-pool:[o/=0;rs=0;By=2;P8=1;w2=0;9e=1;nZ=3;w5=0],16.0,3.502E-4,15.0625,0.025265,,1
cpu-pool:[o/=0;rs=0;By=2;P8=1;w2=0;9e=1;nZ=3;w5=0],15.75,0.245657,16.0,1.458E-4,,1
cpu-pool:[o/=0;rs=0;By=2;P8=1;w2=0;9e=1;nZ=3;w5=0],16.0,7.788E-4,16.0,6.538E-4,,1
cpu-pool:[o/=0;rs=0;By=2;P8=1;w2=0;9e=1;nZ=3;w5=0],16.0,5.181E-4,12.0625,0.0460128,,1
cpu-pool:[o/=0;rs=0;By=2;P8=1;w2=0;9e=1;nZ=3;w5=0],16.0,4.786E-4,14.0,0.025441,,1
cpu-pool:[o/=0;rs=0;By=2;P8=1;w2=0;9e=1;nZ=3;w5=0],16.0,3.44E-4,11.8125,0.021935,,1
cpu-pool:[o/=0;rs=0;By=2;P8=1;w2=0;9e=1;nZ=3;w5=0],16.0,1.75E-4,12.5,0.007624,,1
cpu-pool:[o/=0;rs=0;By=2;P8=1;w2=0;9e=1;nZ=3;w5=0],16.0,4.693E-4,11.5625,0.011299,,1
cpu-pool:[o/=0;rs=0;By=2;P8=1;w2=0;9e=1;nZ=3;w5=0],14.75,5.846E-4,13.5625,0.015376,,1
cpu-pool:[o/=0;rs=0;By=2;P8=1;w2=0;9e=1;nZ=3;w5=0],16.0,5.253E-4,11.875,0.017555,,1
cpu-pool:[o/=0;rs=0;By=2;P8=1;w2=0;9e=1;nZ=3;w5=0],16.0,9.0E-5,14.75,0.005704,,1
cpu-pool:[o/=0;rs=0;By=2;P8=1;w2=0;9e=1;nZ=3;w5=0],16.0,2.333E-4,11.625,0.0178233,,1
cpu-pool:[o/=0;rs=0;By=2;P8=1;w2=0;9e=1;nZ=3;w5=0],16.0,3.369E-4,10.0625,0.011805,,1
cpu-pool:[o/=0;rs=0;By=2;P8=1;w2=0;9e=1;nZ=3;w5=0],15.5,4.04E-4,9.6875,0.040957,,1
cpu-pool:[o/=0;rs=0;By=2;P8=1;w2=0;9e=1;nZ=3;w5=0],16.0,2.999E-4,14.625,0.060052,,1
cpu-pool:[o/=0;rs=0;By=2;P8=1;w2=0;9e=1;nZ=3;w5=0],16.0,5.453E-4,15.4375,0.030172,,1
cpu-pool:[o/=0;rs=0;By=2;P8=1;w2=0;9e=1;nZ=3;w5=0],16.0,4.332E-4,14.0,0.012708,,1
cpu-pool:[o/=0;rs=0;By=2;P8=1;w2=0;9e=1;nZ=3;w5=0],16.0,5.783E-4,14.125,0.047626,,1
cpu-pool:[o/=0;rs=0;By=2;P8=1;w2=0;9e=1;nZ=3;w5=0],16.0,4.086E-4,11.9375,0.041828,,1
cpu-pool:[o/=0;rs=0;By=2;P8=1;w2=0;9e=1;nZ=3;w5=0],16.0,1.053E-4,10.5625,0.005964,,1
cpu-pool:[o/=0;rs=0;By=2;P8=1;w2=0;9e=1;nZ=3;w5=0],16.0,4.709E-4,14.875,0.0610222,,1
cpu-pool:[o/=0;rs=0;By=2;P8=1;w2=0;9e=1;nZ=3;w5=0],16.0,5.253E-4,12.625,0.006387,,1
cpu-pool:[o/=0;rs=0;By=2;P8=1;w2=0;9e=1;nZ=3;w5=0],16.0,3.965E-4,14.75,0.0140598,,1
cpu-pool:[o/=0;rs=0;By=2;P8=1;w2=0;9e=1;nZ=3;w5=0],16.0,3.49E-4,13.25,0.019823,,1
cpu-pool:[o/=0;rs=0;By=2;P8=1;w2=0;9e=1;nZ=3;w5=0],16.0,4.286E-4,14.8125,0.021649,,1
cpu-pool:[o/=0;rs=0;By=2;P8=1;w2=0;9e=1;nZ=3;w5=0],14.75,0.0793173,16.0,3.16E-5,,1
cpu-pool:[o/=0;rs=0;By=2;P8=1;w2=0;9e=1;nZ=3;w5=0],16.0,4.249E-4,14.9375,0.0058271,,1
cpu-pool:[o/=0;rs=0;By=2;P8=1;w2=0;9e=1;nZ=3;w5=0],16.0,5.417E-4,14.0625,0.016874,,1
cpu-pool:[o/=0;rs=0;By=2;P8=1;w2=0;9e=1;nZ=3;w5=0],16.0,2.156E-4,13.9375,0.0310236,,1
cpu-pool:[o/=0;rs=0;By=2;P8=1;w2=0;9e=1;nZ=3;w5=0],16.0,1.479E-4,14.375,0.062353,,1
cpu-pool:[o/=0;rs=0;By=2;P8=1;w2=0;9e=1;nZ=3;w5=0],16.0,2.089E-4,11.5625,0.021591,,1
cpu-pool:[o/=0;rs=0;By=2;P8=1;w2=0;9e=1;nZ=3;w5=0],16.0,6.9E-6,13.5625,0.053554,,1
cpu-pool:[o/=0;rs=0;By=2;P8=1;w2=0;9e=1;nZ=3;w5=0],16.0,2.024E-4,10.75,0.0228773,,1
cpu-pool:[o/=0;rs=0;By=2;P8=1;w2=0;9e=1;nZ=3;w5=0],16.0,2.96E-4,11.5625,0.048923,,1
cpu-pool:[o/=0;rs=0;By=2;P8=1;w2=0;9e=1;nZ=3;w5=0],16.0,1.899E-4,12.0,0.053587,,1
cpu-pool:[o/=0;rs=0;By=2;P8=1;w2=0;9e=1;nZ=3;w5=0],16.0,6.0E-7,11.375,0.022981,,1
cpu-pool:[o/=0;rs=0;By=2;P8=1;w2=0;9e=1;nZ=3;w5=0],16.0,1.78E-4,12.125,6.2E-4,,1
cpu-pool:[o/=0;rs=0;By=2;P8=1;w2=0;9e=1;nZ=3;w5=0],16.0,3.73E-4,13.625,0.048948,,1
cpu-pool:[o/=0;rs=0;By=2;P8=1;w2=0;9e=1;nZ=3;w5=0],16.0,4.979E-4,12.8125,0.005965,,1
cpu-pool:[o/=0;rs=0;By=2;P8=1;w2=0;9e=1;nZ=3;w5=0],16.0,1.406E-4,14.3125,0.016872,,1
cpu-pool:[o/=0;rs=0;By=2;P8=1;w2=0;9e=1;nZ=3;w5=0],16.0,4.635E-4,12.1875,0.056525,,1
cpu-pool:[o/=0;rs=0;By=2;P8=1;w2=0;9e=1;nZ=3;w5=0],16.0,1.912E-4,11.8125,0.018809,,1
cpu-pool:[o/=0;rs=0;By=2;P8=1;w2=0;9e=1;nZ=3;w5=0],16.0,2.423E-4,12.125,0.023106,,1
cpu-pool:[o/=0;rs=0;By=2;P8=1;w2=0;9e=1;nZ=3;w5=0],15.25,8.63E-5,9.5625,0.041451,,1
cpu-pool:[o/=0;rs=0;By=2;wN=2;P8=0;w2=0;9e=1;nZ=3;w5=0],14.0,1.622E-4,10.4375,0.007174,,1
cpu-pool:[o/=0;rs=0;By=2;wN=2;P8=0;w2=0;9e=1;nZ=3;w5=0],15.0,2.52E-4,14.6875,5.903E-4,,1
cpu-pool:[o/=0;rs=0;By=2;wN=2;P8=0;w2=0;9e=1;nZ=3;w5=0],15.5,4.756E-4,13.5625,0.058744,,1
cpu-pool:[o/=0;rs=0;By=2;wN=2;P8=0;w2=0;9e=1;nZ=3;w5=0],13.0,3.46E-5,12.75,0.0042243,,1
cpu-pool:[o/=0;rs=0;By=2;wN=2;P8=0;w2=0;9e=1;nZ=3;w5=0],12.5,8.06E-5,12.125,0.001404,,1
cpu-pool:[o/=1;rs=0;By=2;P8=0;w2=0;9e=1;nZ=3;w5=0],10.0,3.55E-4,5.625,0.008996,,1
cpu-pool:[o/=0;rs=0;By=2;P8=1;w2=1;9e=1;nZ=3;w5=1],3.0,4.6E-4,1.3125,0.017617,,1
cpu-pool:[o/=0;rs=0;By=2;P8=0;w2=0;9e=1;nZ=3;w5=0],8.0,5.053E-4,6.0,0.005077,,1
